			03/Aug/2014:23:59:57 +0400	213.168.57.141	POST			0.106
			03/Aug/2014:23:59:57 +0400	46.39.242.50	POST			0.133
			03/Aug/2014:23:59:57 +0400	95.37.8.179	POST			0.105
			03/Aug/2014:23:59:57 +0400	5.149.147.24	POST			0.153
			03/Aug/2014:23:59:57 +0400	178.35.205.99	POST			0.129
			03/Aug/2014:23:59:57 +0400	5.166.49.94	POST			0.121
			03/Aug/2014:23:59:57 +0400	91.79.24.200	POST			0.107
			03/Aug/2014:23:59:57 +0400	84.51.111.160	POST			0.103
			29/Jul/2014:14:22:26 +0400	80.240.59.47	GET			0.113
			29/Jul/2014:14:22:26 +0400	93.123.216.241	POST			0.136
			29/Jul/2014:14:22:26 +0400	85.172.66.74	GET			10.039
			29/Jul/2014:14:22:26 +0400	5.19.254.199	POST			3.174
			29/Jul/2014:14:22:26 +0400	46.39.37.77	GET			2.147
			29/Jul/2014:14:22:26 +0400	46.39.37.77	GET			0.106
			29/Jul/2014:14:22:26 +0400	172.16.40.86	POST			0.101
			29/Jul/2014:14:22:26 +0400	217.113.123.157	GET			0.967
			29/Jul/2014:14:22:26 +0400	176.194.245.33	GET			2.105
			29/Jul/2014:14:22:26 +0400	217.113.123.157	GET			1.580
			29/Jul/2014:14:22:26 +0400	217.113.123.157	GET			0.442
			29/Jul/2014:14:22:26 +0400	188.244.209.189	POST			2.754
			29/Jul/2014:14:22:26 +0400	195.248.236.113	POST			0.302
			29/Jul/2014:14:22:26 +0400	178.238.114.82	POST			2.915
			29/Jul/2014:14:22:26 +0400	77.235.199.166	GET			0.844
			29/Jul/2014:14:22:26 +0400	31.180.75.136	POST			2.965
			29/Jul/2014:14:22:26 +0400	2.60.161.234	GET			2.311
			29/Jul/2014:14:22:26 +0400	136.169.231.45	POST			2.016
			29/Jul/2014:14:22:26 +0400	79.134.16.114	POST			1.505
			29/Jul/2014:14:22:26 +0400	109.172.66.29	POST			2.287
			29/Jul/2014:14:22:26 +0400	178.76.219.90	POST			0.283
			29/Jul/2014:14:22:26 +0400	188.0.174.218	POST			1.880
			29/Jul/2014:14:22:26 +0400	89.254.222.201	POST			0.106
			29/Jul/2014:14:22:26 +0400	213.87.249.229	POST			2.013
			29/Jul/2014:14:22:26 +0400	93.81.39.173	POST			0.181
			29/Jul/2014:14:22:26 +0400	217.113.123.54	POST			1.153
			29/Jul/2014:14:22:26 +0400	31.7.225.47	POST			0.173
			29/Jul/2014:14:22:26 +0400	83.220.236.243	POST			1.940
			29/Jul/2014:14:22:26 +0400	62.213.27.166	POST			1.997
			29/Jul/2014:14:22:26 +0400	188.19.234.119	POST			1.921
			29/Jul/2014:14:22:26 +0400	178.35.219.253	GET			0.129
			29/Jul/2014:14:22:26 +0400	62.148.134.109	POST			1.488
			29/Jul/2014:14:22:26 +0400	5.138.177.229	POST			2.577
			29/Jul/2014:14:22:26 +0400	217.118.85.87	POST			0.349
			29/Jul/2014:14:22:26 +0400	89.20.42.30	POST			2.849
			29/Jul/2014:14:22:26 +0400	95.106.205.211	POST			0.109
			29/Jul/2014:14:22:26 +0400	85.174.217.38	POST			2.735
			29/Jul/2014:14:22:26 +0400	213.87.241.180	GET			15.023
			29/Jul/2014:14:22:26 +0400	91.122.196.187	POST			1.896
			29/Jul/2014:14:22:26 +0400	77.241.20.96	POST			0.101
			29/Jul/2014:14:22:26 +0400	213.87.133.19	POST			2.759
			29/Jul/2014:14:22:26 +0400	185.11.132.12	POST			1.599
			29/Jul/2014:14:22:26 +0400	77.34.136.251	POST			3.203
			29/Jul/2014:14:22:26 +0400	212.232.45.216	POST			1.854
			29/Jul/2014:14:22:26 +0400	217.113.123.54	GET			0.109
			29/Jul/2014:14:22:26 +0400	46.41.83.241	POST			1.098
			29/Jul/2014:14:22:26 +0400	88.147.214.245	GET			0.149
			29/Jul/2014:14:22:26 +0400	77.232.158.214	POST			1.586
			29/Jul/2014:14:22:26 +0400	176.106.234.2	POST			1.146
			29/Jul/2014:14:22:26 +0400	77.222.101.173	POST			2.604
			29/Jul/2014:14:22:26 +0400	46.165.57.255	POST			0.418
			29/Jul/2014:14:22:26 +0400	83.239.233.219	POST			0.687
			29/Jul/2014:14:22:26 +0400	93.91.233.173	POST			0.688
			29/Jul/2014:14:22:26 +0400	46.48.172.13	POST			1.862
			29/Jul/2014:14:22:26 +0400	80.80.108.171	POST			1.427
			03/Aug/2014:23:59:57 +0400	213.168.57.141	POST			0.106
			03/Aug/2014:23:59:57 +0400	46.39.242.50	POST			0.133
			03/Aug/2014:23:59:57 +0400	95.37.8.179	POST			0.105
			03/Aug/2014:23:59:57 +0400	5.149.147.24	POST			0.153
			03/Aug/2014:23:59:57 +0400	178.35.205.99	POST			0.129
			29/Jul/2014:14:22:26 +0400	46.165.57.255	POST			0.418
			29/Jul/2014:14:22:26 +0400	83.239.233.219	POST			0.687
			29/Jul/2014:14:22:26 +0400	93.91.233.173	POST			0.688
			29/Jul/2014:14:22:26 +0400	46.48.172.13	POST			1.862
			29/Jul/2014:14:22:26 +0400	80.80.108.171	POST			1.427
